2026.01.06,00:00,3748.12,3748.29,3747.24,3747.39,22
2026.01.06,00:01,3747.39,3748.30,3746.76,3747.44,26
2026.01.06,00:02,3747.44,3748.68,3746.89,3747.86,24
2026.01.06,00:03,3747.86,3749.58,3746.85,3749.36,16
2026.01.06,00:04,3749.36,3749.66,3749.00,3749.49,15
2026.01.06,00:05,3749.49,3749.80,3747.89,3748.20,26
2026.01.06,00:06,3748.20,3749.19,3747.65,3749.17,23
2026.01.06,00:07,3749.17,3750.30,3748.70,3749.49,9
2026.01.06,00:08,3749.49,3750.21,3747.96,3748.10,27
2026.01.06,00:09,3748.10,3748.99,3747.49,3748.86,10
2026.01.06,00:10,3748.86,3749.08,3748.25,3748.82,19
2026.01.06,00:11,3748.82,3750.42,3748.06,3749.62,16
2026.01.06,00:12,3749.62,3750.02,3748.82,3749.06,15
2026.01.06,00:13,3749.06,3749.32,3748.34,3748.55,18
2026.01.06,00:14,3748.55,3749.38,3747.85,3748.49,25
2026.01.06,00:15,3748.49,3749.02,3747.95,3748.72,29
2026.01.06,00:16,3748.72,3749.33,3748.42,3748.47,27
2026.01.06,00:17,3748.47,3749.93,3748.40,3749.45,21
2026.01.06,00:18,3749.45,3750.37,3749.08,3749.30,9
2026.01.06,00:19,3749.30,3749.85,3748.87,3749.27,21
2026.01.06,00:20,3749.27,3750.76,3748.64,3750.69,19
2026.01.06,00:21,3750.69,3751.43,3749.78,3750.25,15
2026.01.06,00:22,3750.25,3751.35,3749.32,3751.22,24
2026.01.06,00:23,3751.22,3753.04,3751.11,3752.61,17
2026.01.06,00:24,3752.61,3752.94,3751.63,3751.69,20
2026.01.06,00:25,3751.69,3752.45,3749.92,3750.33,22
2026.01.06,00:26,3750.33,3751.21,3749.89,3750.73,16
2026.01.06,00:27,3750.73,3751.22,3749.61,3750.57,13
2026.01.06,00:28,3750.57,3752.50,3749.60,3751.55,15
2026.01.06,00:29,3751.55,3751.66,3750.75,3751.50,7
2026.01.06,00:30,3751.50,3751.90,3750.16,3751.16,14
2026.01.06,00:31,3751.16,3752.24,3750.44,3750.52,27
2026.01.06,00:32,3750.52,3751.15,3750.01,3750.46,26
2026.01.06,00:33,3750.46,3751.81,3750.44,3750.89,28
2026.01.06,00:34,3750.89,3751.90,3750.77,3751.71,9
2026.01.06,00:35,3751.71,3753.10,3751.09,3752.58,24
2026.01.06,00:36,3752.58,3753.30,3752.10,3753.26,15
2026.01.06,00:37,3753.26,3755.93,3752.20,3754.86,27
2026.01.06,00:38,3754.86,3756.63,3754.33,3755.73,24
2026.01.06,00:39,3755.73,3756.68,3755.63,3755.67,23
